{
    "name": "Plane.001Geometry",
    "metadata": {
        "generator": "io_three",
        "type": "Geometry",
        "faces": 3,
        "vertices": 12,
        "version": 3,
        "uvs": 1,
        "normals": 1
    },
    "faces": [41,0,1,3,2,0,0,0,0,0,0,0,0,41,4,5,7,6,1,2,3,4,0,0,0,0,41,11,10,8,9,0,0,0,0,0,0,0,0],
    "vertices": [-25,-15,-0.087822,25,-15,-0.087822,-25,15,-0.087826,25,15,-0.087826,-25,-15,2e-06,25,-15,2e-06,-25,15,-2e-06,25,15,-2e-06,1,1,-0.30943,-1,1,-0.30943,1,-1,-0.309429,-1,-1,-0.309429],
    "uvs": [[0,0,7.7e-05,7.7e-05,0.995096,7.7e-05,0.995096,0.999923,7.7e-05,0.999923]],
    "normals": [0,0,1]
}