{
    "faces": [41,0,1,3,2,0,0,0,0,0,0,0,0,41,4,5,7,6,1,2,3,4,0,0,0,0],
    "vertices": [-25,-15,-0.21611,25,-15,-0.21611,-25,15,-0.216113,25,15,-0.216113,-25,-15,2e-06,25,-15,2e-06,-25,15,-2e-06,25,15,-2e-06],
    "uvs": [[0,0,0.0001,0.0001,0.9999,0.0001,0.9999,0.9999,0.0001,0.9999]],
    "name": "Plane.001Geometry",
    "normals": [0,0,1],
    "metadata": {
        "faces": 2,
        "vertices": 8,
        "uvs": 1,
        "type": "Geometry",
        "normals": 1,
        "version": 3,
        "generator": "io_three"
    }
}