{
    "uvs": [[0,0,0.0001,0.0001,0.9999,0.0001,0.9999,0.9999,0.0001,0.9999]],
    "name": "Plane.001Geometry",
    "vertices": [-25,-15,-0.144203,25,-15,-0.144203,-25,15,-0.144207,25,15,-0.144207,-25,-15,2e-06,25,-15,2e-06,-25,15,-2e-06,25,15,-2e-06],
    "normals": [0,0,1],
    "metadata": {
        "uvs": 1,
        "normals": 1,
        "type": "Geometry",
        "vertices": 8,
        "version": 3,
        "generator": "io_three",
        "faces": 2
    },
    "faces": [41,0,1,3,2,0,0,0,0,0,0,0,0,41,4,5,7,6,1,2,3,4,0,0,0,0]
}